Complexity,Loss,Equation
1,0.010999995,"a"
3,0.010064648,"a - -0.030580694"
5,0.00014215402,"(a * 0.65000015) + 0.36308342"
7,3.6805865e-5,"(0.14847702 / a) - (a * -0.84974796)"
9,9.689219e-16,"(a * ((a * 0.16666655) + 0.3333335)) - -0.49999997"
